{"organizations": [], "uuid": "3207b73dc1f696a5b46fd34a31137fff3f2de9fa", "thread": {"social": {"gplus": {"shares": 0}, "pinterest": {"shares": 0}, "vk": {"shares": 0}, "linkedin": {"shares": 0}, "facebook": {"likes": 0, "shares": 0, "comments": 0}, "stumbledupon": {"shares": 0}}, "site_full": "www.cnbc.com", "main_image": "https://fm.cnbc.com/applications/cnbc.com/resources/img/editorial/2018/03/14/105064713-wade1.1910x1000.jpg", "site_section": "http://www.cnbc.com/id/19746125/device/rss/rss.xml", "section_title": "Top News and Analysis (pro)", "url": "https://www.cnbc.com/2018/03/14/dwyane-wade-honors-parkland-shooting-victims.html", "country": "US", "domain_rank": 767, "title": "Dwyane Wade donates $200,000 to Parkland victims and sponsors art exhibit in their honor", "performance_score": 0, "site": "cnbc.com", "participants_count": 0, "title_full": "", "spam_score": 0.0, "site_type": "blogs", "published": "2018-03-14T19:00:00.000+02:00", "replies_count": 0, "uuid": "3207b73dc1f696a5b46fd34a31137fff3f2de9fa"}, "author": "", "url": "https://www.cnbc.com/2018/03/14/dwyane-wade-honors-parkland-shooting-victims.html", "ord_in_thread": 0, "title": "Dwyane Wade donates $200,000 to Parkland victims and sponsors art exhibit in their honor", "locations": [], "entities": {"persons": [{"name": "wade", "sentiment": "positive"}, {"name": "dwyane wade", "sentiment": "positive"}, {"name": "barnett", "sentiment": "none"}, {"name": "calyann barnett", "sentiment": "none"}, {"name": "oliver", "sentiment": "none"}, {"name": "joaquin oliver", "sentiment": "none"}], "locations": [{"name": "chicago", "sentiment": "none"}, {"name": "art walk", "sentiment": "none"}, {"name": "parkland", "sentiment": "none"}, {"name": "florida", "sentiment": "none"}], "organizations": [{"name": "cnbc", "sentiment": "none"}, {"name": "marjory stoneman douglas high school", "sentiment": "none"}, {"name": "miami heat", "sentiment": "none"}]}, "highlightText": "", "language": "english", "persons": [], "text": "1 Hour Ago | 01:11 \nMiami Heat star and Chicago native Dwyane Wade has dedicated a special exhibit to victims of the shooting at Marjory Stoneman Douglas High School in Parkland, Florida. The exhibit, titled \"Parkland 17\" in honor of the 17 lives lost, made its debut last weekend at Florida's Art Walk . \nThe exhibit was originally to be featured for one weekend but will have a second showing this coming week due to popular demand, Calyann Barnett, the exhibit's creative director, tells CNBC Make It . \nThe art exhibit features a mural of 17-year-old Joaquin Oliver, who was one of the students killed in the shooting. According to family members , Oliver was a longtime Wade fan and was buried wearing his Heat jersey. Upon hearing the news, Wade dedicated the remainder of the Miami Heat's season to the teen. DWYANE WADE TWEET 2 \n\"Joaquin Oliver was buried in his jersey and [Wade] is from Chicago where gun violence is high,\" says Barnett. \"So he wanted to be able to do something for them and make a difference.\" \nWith this exhibit, Wade's team wanted the art to serve as a call to action. The exhibit features gun violence statistics scrawled on the walls along with a \"Ring Your Rep\" phone booth where people can contact their representatives to demand action on gun control. \nBy this coming weekend, Barnett hopes to add a booth where passers-by can register to vote. \"You have to be politically involved to make a difference,\" she says. For Barnett, that means speaking to members of Congress and requesting they support stricter gun control if they want to stay in office. \n\"So yes, we really wanted to remember their lives and get that momentum,\" says Barnett, \"but we also wanted it to be impactful.\" She points to one of the statistics that was featured in the exhibit: On an average day, 96 Americans are killed by guns. \n\"Just think of how many parents, teachers, siblings, family members that are affected by this,\" she says. \"What can [you] do to make change?\" Bob Metelus Studios \nLast Saturday, Wade stopped by the exhibit after the Heat's win over the Washington Wizards. \"The most impactful piece [for him] was the mural and the statistics,\" says Barnett. \nThe Heat guard also announced via Twitter that he and his wife, actress Gabrielle Union, are donating $200,000 on behalf of Chicago to a GoFundMe account created by Stoneman Douglas student Cameron Kasky. He called on fellow athletes to do the same. TWEET \nHalf of the funds raised through the GoFundMe account will cover expenses associated with the \" March for Our Lives \" taking place in Washington, D.C., on Saturday, March 24. The other half will \"provide relief and financial support\" to the victims and families of the shooting, according to the GoFundMe page, which has hit nearly $3.3 million of its $3.5 million goal. TWEET HS \nGoing forward, Barnett hopes the exhibit will \"empower\" people to pick up the phone and demand change so this type of gun violence never happens again. She adds that after last weekend's showing she received \"lots of thank-yous and tears.\" \n\"These kids are 14 years, 15 years, 17 years,\" says Barnett. \"This is supposed to be the start of their lives and for many it's the end.\"", "external_links": [], "published": "2018-03-14T19:00:00.000+02:00", "crawled": "2018-03-14T19:23:52.005+02:00", "highlightTitle": ""}